plot_number,lookup_status,pdf_status,upstream_status,duration_ms,identity_status,failure_code,failure_reason
780,EXACT_SUCCESS,SUCCESS,200,15816,EXACT,,
782,EXACT_SUCCESS,SUCCESS,200,14960,EXACT,,
860,EXACT_SUCCESS,SUCCESS,200,15988,EXACT,,
220,EXACT_SUCCESS,SUCCESS,200,15776,EXACT,,
781,EXACT_SUCCESS,SUCCESS,200,15275,EXACT,,
761,EXACT_SUCCESS,SUCCESS,200,15106,EXACT,,
327,EXACT_SUCCESS,SUCCESS,200,15541,EXACT,,
328,EXACT_SUCCESS,SUCCESS,200,14781,EXACT,,
925,NOT_FOUND,SKIPPED,200,24637,NOT_FOUND,PLOT_NOT_FOUND,Plot number '925' could not be verified in official Bhulekh records for village 'Dimbo'.
326,EXACT_SUCCESS,SUCCESS,200,14745,EXACT,,
733,EXACT_SUCCESS,SUCCESS,200,15331,EXACT,,
751,EXACT_SUCCESS,SKIPPED,200,14866,EXACT,,
836,EXACT_SUCCESS,SKIPPED,200,15826,EXACT,,
835,EXACT_SUCCESS,SKIPPED,200,14851,EXACT,,
675,EXACT_SUCCESS,SKIPPED,200,15969,EXACT,,
732,EXACT_SUCCESS,SKIPPED,200,15734,EXACT,,
810,EXACT_SUCCESS,SKIPPED,200,15773,EXACT,,
752,EXACT_SUCCESS,SKIPPED,200,15150,EXACT,,
677,EXACT_SUCCESS,SKIPPED,200,15141,EXACT,,
748,EXACT_SUCCESS,SKIPPED,200,14982,EXACT,,
917,EXACT_SUCCESS,SKIPPED,200,15248,EXACT,,
747,EXACT_SUCCESS,SKIPPED,200,14945,EXACT,,
746,EXACT_SUCCESS,SKIPPED,200,14708,EXACT,,
512,EXACT_SUCCESS,SKIPPED,200,15408,EXACT,,
739,EXACT_SUCCESS,SKIPPED,200,15219,EXACT,,
750,EXACT_SUCCESS,SKIPPED,200,15891,EXACT,,
673,EXACT_SUCCESS,SKIPPED,200,14823,EXACT,,
699,EXACT_SUCCESS,SKIPPED,200,15249,EXACT,,
762,EXACT_SUCCESS,SKIPPED,200,15588,EXACT,,
736,EXACT_SUCCESS,SKIPPED,200,15023,EXACT,,
749,EXACT_SUCCESS,SKIPPED,200,14883,EXACT,,
921,NOT_FOUND,SKIPPED,200,23602,NOT_FOUND,PLOT_NOT_FOUND,Plot number '921' could not be verified in official Bhulekh records for village 'Dimbo'.
95,EXACT_SUCCESS,SKIPPED,200,14556,EXACT,,
737,EXACT_SUCCESS,SKIPPED,200,14876,EXACT,,
943,NOT_FOUND,SKIPPED,200,24327,NOT_FOUND,PLOT_NOT_FOUND,Plot number '943' could not be verified in official Bhulekh records for village 'Dimbo'.
754,EXACT_SUCCESS,SKIPPED,200,14293,EXACT,,
802,EXACT_SUCCESS,SKIPPED,200,14665,EXACT,,
846,EXACT_SUCCESS,SKIPPED,200,14666,EXACT,,
777,EXACT_SUCCESS,SKIPPED,200,14197,EXACT,,
773,EXACT_SUCCESS,SKIPPED,200,14544,EXACT,,
770,EXACT_SUCCESS,SKIPPED,200,14882,EXACT,,
772,EXACT_SUCCESS,SKIPPED,200,14838,EXACT,,
776,EXACT_SUCCESS,SKIPPED,200,14689,EXACT,,
949,NOT_FOUND,SKIPPED,200,25014,NOT_FOUND,PLOT_NOT_FOUND,Plot number '949' could not be verified in official Bhulekh records for village 'Dimbo'.
946,NOT_FOUND,SKIPPED,200,23692,NOT_FOUND,PLOT_NOT_FOUND,Plot number '946' could not be verified in official Bhulekh records for village 'Dimbo'.
945,NOT_FOUND,SKIPPED,200,23706,NOT_FOUND,PLOT_NOT_FOUND,Plot number '945' could not be verified in official Bhulekh records for village 'Dimbo'.
958,NOT_FOUND,SKIPPED,200,23695,NOT_FOUND,PLOT_NOT_FOUND,Plot number '958' could not be verified in official Bhulekh records for village 'Dimbo'.
955,NOT_FOUND,SKIPPED,200,23626,NOT_FOUND,PLOT_NOT_FOUND,Plot number '955' could not be verified in official Bhulekh records for village 'Dimbo'.
817,EXACT_SUCCESS,SKIPPED,200,14976,EXACT,,
948,NOT_FOUND,SKIPPED,200,24559,NOT_FOUND,PLOT_NOT_FOUND,Plot number '948' could not be verified in official Bhulekh records for village 'Dimbo'.
951,NOT_FOUND,SKIPPED,200,24880,NOT_FOUND,PLOT_NOT_FOUND,Plot number '951' could not be verified in official Bhulekh records for village 'Dimbo'.
959,NOT_FOUND,SKIPPED,200,24319,NOT_FOUND,PLOT_NOT_FOUND,Plot number '959' could not be verified in official Bhulekh records for village 'Dimbo'.
933,NOT_FOUND,SKIPPED,200,23733,NOT_FOUND,PLOT_NOT_FOUND,Plot number '933' could not be verified in official Bhulekh records for village 'Dimbo'.
934,NOT_FOUND,SKIPPED,200,24179,NOT_FOUND,PLOT_NOT_FOUND,Plot number '934' could not be verified in official Bhulekh records for village 'Dimbo'.
961,NOT_FOUND,SKIPPED,200,24139,NOT_FOUND,PLOT_NOT_FOUND,Plot number '961' could not be verified in official Bhulekh records for village 'Dimbo'.
962,NOT_FOUND,SKIPPED,200,24099,NOT_FOUND,PLOT_NOT_FOUND,Plot number '962' could not be verified in official Bhulekh records for village 'Dimbo'.
964,NOT_FOUND,SKIPPED,200,24240,NOT_FOUND,PLOT_NOT_FOUND,Plot number '964' could not be verified in official Bhulekh records for village 'Dimbo'.
953,NOT_FOUND,SKIPPED,200,23561,NOT_FOUND,PLOT_NOT_FOUND,Plot number '953' could not be verified in official Bhulekh records for village 'Dimbo'.
965,NOT_FOUND,SKIPPED,200,24351,NOT_FOUND,PLOT_NOT_FOUND,Plot number '965' could not be verified in official Bhulekh records for village 'Dimbo'.
923,NOT_FOUND,SKIPPED,200,24150,NOT_FOUND,PLOT_NOT_FOUND,Plot number '923' could not be verified in official Bhulekh records for village 'Dimbo'.
927,NOT_FOUND,SKIPPED,200,24213,NOT_FOUND,PLOT_NOT_FOUND,Plot number '927' could not be verified in official Bhulekh records for village 'Dimbo'.
950,NOT_FOUND,SKIPPED,200,24302,NOT_FOUND,PLOT_NOT_FOUND,Plot number '950' could not be verified in official Bhulekh records for village 'Dimbo'.
936,NOT_FOUND,SKIPPED,200,24116,NOT_FOUND,PLOT_NOT_FOUND,Plot number '936' could not be verified in official Bhulekh records for village 'Dimbo'.
938,NOT_FOUND,SKIPPED,200,24238,NOT_FOUND,PLOT_NOT_FOUND,Plot number '938' could not be verified in official Bhulekh records for village 'Dimbo'.
939,NOT_FOUND,SKIPPED,200,24167,NOT_FOUND,PLOT_NOT_FOUND,Plot number '939' could not be verified in official Bhulekh records for village 'Dimbo'.
952,NOT_FOUND,SKIPPED,200,24417,NOT_FOUND,PLOT_NOT_FOUND,Plot number '952' could not be verified in official Bhulekh records for village 'Dimbo'.
942,NOT_FOUND,SKIPPED,200,24261,NOT_FOUND,PLOT_NOT_FOUND,Plot number '942' could not be verified in official Bhulekh records for village 'Dimbo'.
954,NOT_FOUND,SKIPPED,200,23683,NOT_FOUND,PLOT_NOT_FOUND,Plot number '954' could not be verified in official Bhulekh records for village 'Dimbo'.
940,NOT_FOUND,SKIPPED,200,24243,NOT_FOUND,PLOT_NOT_FOUND,Plot number '940' could not be verified in official Bhulekh records for village 'Dimbo'.
897,EXACT_SUCCESS,SKIPPED,200,16977,EXACT,,
916,EXACT_SUCCESS,SKIPPED,200,14530,EXACT,,
915,EXACT_SUCCESS,SKIPPED,200,14447,EXACT,,
914,EXACT_SUCCESS,SKIPPED,200,15098,EXACT,,
900,EXACT_SUCCESS,SKIPPED,200,15267,EXACT,,
760,EXACT_SUCCESS,SKIPPED,200,15061,EXACT,,
913,EXACT_SUCCESS,SKIPPED,200,14876,EXACT,,
912,EXACT_SUCCESS,SKIPPED,200,14649,EXACT,,
911,EXACT_SUCCESS,SKIPPED,200,14802,EXACT,,
910,EXACT_SUCCESS,SKIPPED,200,14510,EXACT,,
909,EXACT_SUCCESS,SKIPPED,200,18359,EXACT,,
724,EXACT_SUCCESS,SKIPPED,200,14647,EXACT,,
905,EXACT_SUCCESS,SKIPPED,200,15320,EXACT,,
904,EXACT_SUCCESS,SKIPPED,200,14425,EXACT,,
903,EXACT_SUCCESS,SKIPPED,200,15283,EXACT,,
902,EXACT_SUCCESS,SKIPPED,200,14699,EXACT,,
841,EXACT_SUCCESS,SKIPPED,200,14812,EXACT,,
898,EXACT_SUCCESS,SKIPPED,200,14324,EXACT,,
891,EXACT_SUCCESS,SKIPPED,200,14636,EXACT,,
890,EXACT_SUCCESS,SKIPPED,200,15857,EXACT,,
889,EXACT_SUCCESS,SKIPPED,200,14051,EXACT,,
884,EXACT_SUCCESS,SKIPPED,200,14366,EXACT,,
888,EXACT_SUCCESS,SKIPPED,200,14243,EXACT,,
887,EXACT_SUCCESS,SKIPPED,200,14005,EXACT,,
